Application Name,Application ID,Source,Destination,Packet ID,Segment ID,Packet or Segment Start Time(ms),Packet or Segment End Time(ms),Packet or Segment size(Bytes),Latency(Microseconds),Jitter(Microseconds),Throughput(Mbps),
App1_VOICE,1,WIRED_NODE_2,WIRED_NODE_5,1,0,0.000000,0.095760,160.000000,95.760000,0.000000,-1,
App1_VOICE,1,WIRED_NODE_2,WIRED_NODE_5,2,0,20.000000,20.046160,160.000000,46.160000,49.600000,-1,
App1_VOICE,1,WIRED_NODE_2,WIRED_NODE_5,3,0,40.000000,40.046160,160.000000,46.160000,0.000000,-1,
App1_VOICE,1,WIRED_NODE_2,WIRED_NODE_5,4,0,60.000000,60.046160,160.000000,46.160000,0.000000,-1,
App1_VOICE,1,WIRED_NODE_2,WIRED_NODE_5,5,0,80.000000,80.046160,160.000000,46.160000,0.000000,-1,
App1_VOICE,1,WIRED_NODE_2,WIRED_NODE_5,6,0,100.000000,100.046160,160.000000,46.160000,0.000000,-1,
App1_VOICE,1,WIRED_NODE_2,WIRED_NODE_5,7,0,120.000000,120.046160,160.000000,46.160000,0.000000,-1,
App1_VOICE,1,WIRED_NODE_2,WIRED_NODE_5,8,0,140.000000,140.046160,160.000000,46.160000,0.000000,-1,
App1_VOICE,1,WIRED_NODE_2,WIRED_NODE_5,9,0,160.000000,160.046160,160.000000,46.160000,0.000000,-1,
App1_VOICE,1,WIRED_NODE_2,WIRED_NODE_5,10,0,180.000000,180.046160,160.000000,46.160000,0.000000,-1,
App1_VOICE,1,WIRED_NODE_2,WIRED_NODE_5,11,0,200.000000,200.046160,160.000000,46.160000,0.000000,-1,
App1_VOICE,1,WIRED_NODE_2,WIRED_NODE_5,12,0,220.000000,220.046160,160.000000,46.160000,0.000000,-1,
App1_VOICE,1,WIRED_NODE_2,WIRED_NODE_5,13,0,240.000000,240.046160,160.000000,46.160000,0.000000,-1,
App1_VOICE,1,WIRED_NODE_2,WIRED_NODE_5,14,0,260.000000,740.181036,160.000000,480181.036393,480134.876393,-1,
App1_VOICE,1,WIRED_NODE_2,WIRED_NODE_5,15,0,280.000000,740.200076,160.000000,460200.076393,19980.960000,-1,
App1_VOICE,1,WIRED_NODE_2,WIRED_NODE_5,16,0,300.000000,740.219116,160.000000,440219.116393,19980.960000,-1,
App1_VOICE,1,WIRED_NODE_2,WIRED_NODE_5,17,0,320.000000,740.238156,160.000000,420238.156393,19980.960000,-1,
App1_VOICE,1,WIRED_NODE_2,WIRED_NODE_5,18,0,340.000000,740.257196,160.000000,400257.196393,19980.960000,-1,
App1_VOICE,1,WIRED_NODE_2,WIRED_NODE_5,19,0,360.000000,740.276236,160.000000,380276.236393,19980.960000,-1,
App1_VOICE,1,WIRED_NODE_2,WIRED_NODE_5,20,0,380.000000,740.295276,160.000000,360295.276393,19980.960000,-1,
App1_VOICE,1,WIRED_NODE_2,WIRED_NODE_5,21,0,400.000000,740.314316,160.000000,340314.316393,19980.960000,-1,
App1_VOICE,1,WIRED_NODE_2,WIRED_NODE_5,22,0,420.000000,740.333356,160.000000,320333.356393,19980.960000,-1,
App1_VOICE,1,WIRED_NODE_2,WIRED_NODE_5,23,0,440.000000,740.352396,160.000000,300352.396393,19980.960000,-1,
App1_VOICE,1,WIRED_NODE_2,WIRED_NODE_5,24,0,460.000000,740.371436,160.000000,280371.436393,19980.960000,-1,
App1_VOICE,1,WIRED_NODE_2,WIRED_NODE_5,25,0,480.000000,740.390476,160.000000,260390.476393,19980.960000,-1,
App1_VOICE,1,WIRED_NODE_2,WIRED_NODE_5,26,0,500.000000,740.409516,160.000000,240409.516393,19980.960000,-1,
App1_VOICE,1,WIRED_NODE_2,WIRED_NODE_5,27,0,520.000000,740.428556,160.000000,220428.556393,19980.960000,-1,
App1_VOICE,1,WIRED_NODE_2,WIRED_NODE_5,28,0,540.000000,740.447596,160.000000,200447.596393,19980.960000,-1,
App1_VOICE,1,WIRED_NODE_2,WIRED_NODE_5,29,0,560.000000,740.466636,160.000000,180466.636393,19980.960000,-1,
App1_VOICE,1,WIRED_NODE_2,WIRED_NODE_5,30,0,580.000000,740.485676,160.000000,160485.676393,19980.960000,-1,
App1_VOICE,1,WIRED_NODE_2,WIRED_NODE_5,31,0,600.000000,740.504716,160.000000,140504.716393,19980.960000,-1,
App1_VOICE,1,WIRED_NODE_2,WIRED_NODE_5,32,0,620.000000,740.523756,160.000000,120523.756393,19980.960000,-1,
App1_VOICE,1,WIRED_NODE_2,WIRED_NODE_5,33,0,640.000000,740.542796,160.000000,100542.796393,19980.960000,-1,
App1_VOICE,1,WIRED_NODE_2,WIRED_NODE_5,34,0,660.000000,740.561836,160.000000,80561.836393,19980.960000,-1,
App1_VOICE,1,WIRED_NODE_2,WIRED_NODE_5,35,0,680.000000,740.580876,160.000000,60580.876393,19980.960000,-1,
App1_VOICE,1,WIRED_NODE_2,WIRED_NODE_5,36,0,700.000000,740.599916,160.000000,40599.916393,19980.960000,-1,
App1_VOICE,1,WIRED_NODE_2,WIRED_NODE_5,37,0,720.000000,740.618956,160.000000,20618.956393,19980.960000,-1,
App1_VOICE,1,WIRED_NODE_2,WIRED_NODE_5,38,0,740.000000,740.637996,160.000000,637.996393,19980.960000,-1,
App1_VOICE,1,WIRED_NODE_2,WIRED_NODE_5,39,0,760.000000,760.046160,160.000000,46.160000,591.836393,-1,
App1_VOICE,1,WIRED_NODE_2,WIRED_NODE_5,40,0,780.000000,780.046160,160.000000,46.160000,0.000000,-1,
App1_VOICE,1,WIRED_NODE_2,WIRED_NODE_5,41,0,800.000000,800.046160,160.000000,46.160000,0.000000,-1,
App1_VOICE,1,WIRED_NODE_2,WIRED_NODE_5,42,0,820.000000,820.046160,160.000000,46.160000,0.000000,-1,
App1_VOICE,1,WIRED_NODE_2,WIRED_NODE_5,43,0,840.000000,840.046160,160.000000,46.160000,0.000000,-1,
App1_VOICE,1,WIRED_NODE_2,WIRED_NODE_5,44,0,860.000000,860.046160,160.000000,46.160000,0.000000,-1,
App1_VOICE,1,WIRED_NODE_2,WIRED_NODE_5,45,0,880.000000,880.046160,160.000000,46.160000,0.000000,-1,
App1_VOICE,1,WIRED_NODE_2,WIRED_NODE_5,46,0,900.000000,900.046160,160.000000,46.160000,0.000000,-1,
App1_VOICE,1,WIRED_NODE_2,WIRED_NODE_5,47,0,920.000000,920.046160,160.000000,46.160000,0.000000,-1,
App1_VOICE,1,WIRED_NODE_2,WIRED_NODE_5,48,0,940.000000,940.046160,160.000000,46.160000,0.000000,-1,
App1_VOICE,1,WIRED_NODE_2,WIRED_NODE_5,49,0,960.000000,960.046160,160.000000,46.160000,0.000000,-1,
App1_VOICE,1,WIRED_NODE_2,WIRED_NODE_5,50,0,980.000000,980.046160,160.000000,46.160000,0.000000,-1,
App1_VOICE,1,WIRED_NODE_2,WIRED_NODE_5,51,0,1000.000000,1000.046160,160.000000,46.160000,0.000000,-1,
App1_VOICE,1,WIRED_NODE_2,WIRED_NODE_5,52,0,1020.000000,1020.046160,160.000000,46.160000,0.000000,-1,
App1_VOICE,1,WIRED_NODE_2,WIRED_NODE_5,53,0,1040.000000,1040.046160,160.000000,46.160000,0.000000,-1,
App1_VOICE,1,WIRED_NODE_2,WIRED_NODE_5,54,0,1060.000000,1060.046160,160.000000,46.160000,0.000000,-1,
App1_VOICE,1,WIRED_NODE_2,WIRED_NODE_5,55,0,1080.000000,1080.046160,160.000000,46.160000,0.000000,-1,
App1_VOICE,1,WIRED_NODE_2,WIRED_NODE_5,56,0,1100.000000,1100.046160,160.000000,46.160000,0.000000,-1,
App1_VOICE,1,WIRED_NODE_2,WIRED_NODE_5,57,0,1120.000000,1120.046160,160.000000,46.160000,0.000000,-1,
App1_VOICE,1,WIRED_NODE_2,WIRED_NODE_5,58,0,1140.000000,1140.046160,160.000000,46.160000,0.000000,-1,
App1_VOICE,1,WIRED_NODE_2,WIRED_NODE_5,59,0,1160.000000,1160.046160,160.000000,46.160000,0.000000,-1,
App1_VOICE,1,WIRED_NODE_2,WIRED_NODE_5,60,0,1180.000000,1180.046160,160.000000,46.160000,0.000000,-1,
App1_VOICE,1,WIRED_NODE_2,WIRED_NODE_5,61,0,1200.000000,1200.046160,160.000000,46.160000,0.000000,-1,
App1_VOICE,1,WIRED_NODE_2,WIRED_NODE_5,62,0,1220.000000,1220.046160,160.000000,46.160000,0.000000,-1,
App1_VOICE,1,WIRED_NODE_2,WIRED_NODE_5,63,0,1240.000000,1240.046160,160.000000,46.160000,0.000000,-1,
App1_VOICE,1,WIRED_NODE_2,WIRED_NODE_5,64,0,1260.000000,1260.046160,160.000000,46.160000,0.000000,-1,
App1_VOICE,1,WIRED_NODE_2,WIRED_NODE_5,65,0,1280.000000,1280.046160,160.000000,46.160000,0.000000,-1,
App1_VOICE,1,WIRED_NODE_2,WIRED_NODE_5,66,0,1300.000000,1300.046160,160.000000,46.160000,0.000000,-1,
App1_VOICE,1,WIRED_NODE_2,WIRED_NODE_5,67,0,1320.000000,1320.046160,160.000000,46.160000,0.000000,-1,
App1_VOICE,1,WIRED_NODE_2,WIRED_NODE_5,68,0,1340.000000,1340.046160,160.000000,46.160000,0.000000,-1,
App1_VOICE,1,WIRED_NODE_2,WIRED_NODE_5,69,0,1360.000000,1360.046160,160.000000,46.160000,0.000000,-1,
App1_VOICE,1,WIRED_NODE_2,WIRED_NODE_5,70,0,1380.000000,1380.046160,160.000000,46.160000,0.000000,-1,
App1_VOICE,1,WIRED_NODE_2,WIRED_NODE_5,71,0,1400.000000,1400.046160,160.000000,46.160000,0.000000,-1,
App1_VOICE,1,WIRED_NODE_2,WIRED_NODE_5,72,0,1420.000000,1420.046160,160.000000,46.160000,0.000000,-1,
App1_VOICE,1,WIRED_NODE_2,WIRED_NODE_5,73,0,1440.000000,1440.046160,160.000000,46.160000,0.000000,-1,
App1_VOICE,1,WIRED_NODE_2,WIRED_NODE_5,74,0,1460.000000,1460.046160,160.000000,46.160000,0.000000,-1,
App1_VOICE,1,WIRED_NODE_2,WIRED_NODE_5,75,0,1480.000000,1480.046160,160.000000,46.160000,0.000000,-1,
App1_VOICE,1,WIRED_NODE_2,WIRED_NODE_5,76,0,1500.000000,1500.046160,160.000000,46.160000,0.000000,-1,
App1_VOICE,1,WIRED_NODE_2,WIRED_NODE_5,77,0,1520.000000,1520.046160,160.000000,46.160000,0.000000,-1,
App1_VOICE,1,WIRED_NODE_2,WIRED_NODE_5,78,0,1540.000000,1540.046160,160.000000,46.160000,0.000000,-1,
App1_VOICE,1,WIRED_NODE_2,WIRED_NODE_5,79,0,1560.000000,1560.046160,160.000000,46.160000,0.000000,-1,
App1_VOICE,1,WIRED_NODE_2,WIRED_NODE_5,80,0,1580.000000,1580.046160,160.000000,46.160000,0.000000,-1,
App1_VOICE,1,WIRED_NODE_2,WIRED_NODE_5,81,0,1600.000000,1600.046160,160.000000,46.160000,0.000000,-1,
App1_VOICE,1,WIRED_NODE_2,WIRED_NODE_5,82,0,1620.000000,1620.046160,160.000000,46.160000,0.000000,-1,
App1_VOICE,1,WIRED_NODE_2,WIRED_NODE_5,83,0,1640.000000,1640.046160,160.000000,46.160000,0.000000,-1,
App1_VOICE,1,WIRED_NODE_2,WIRED_NODE_5,84,0,1660.000000,1660.046160,160.000000,46.160000,0.000000,-1,
App1_VOICE,1,WIRED_NODE_2,WIRED_NODE_5,85,0,1680.000000,1680.046160,160.000000,46.160000,0.000000,-1,
App1_VOICE,1,WIRED_NODE_2,WIRED_NODE_5,86,0,1700.000000,1700.046160,160.000000,46.160000,0.000000,-1,
App1_VOICE,1,WIRED_NODE_2,WIRED_NODE_5,87,0,1720.000000,1720.046160,160.000000,46.160000,0.000000,-1,
App1_VOICE,1,WIRED_NODE_2,WIRED_NODE_5,88,0,1740.000000,1740.046160,160.000000,46.160000,0.000000,-1,
App1_VOICE,1,WIRED_NODE_2,WIRED_NODE_5,89,0,1760.000000,1760.046160,160.000000,46.160000,0.000000,-1,
App1_VOICE,1,WIRED_NODE_2,WIRED_NODE_5,90,0,1780.000000,1780.046160,160.000000,46.160000,0.000000,-1,
App1_VOICE,1,WIRED_NODE_2,WIRED_NODE_5,91,0,1800.000000,1800.046160,160.000000,46.160000,0.000000,-1,
App1_VOICE,1,WIRED_NODE_2,WIRED_NODE_5,92,0,1820.000000,1820.046160,160.000000,46.160000,0.000000,-1,
App1_VOICE,1,WIRED_NODE_2,WIRED_NODE_5,93,0,1840.000000,1840.046160,160.000000,46.160000,0.000000,-1,
App1_VOICE,1,WIRED_NODE_2,WIRED_NODE_5,94,0,1860.000000,1860.046160,160.000000,46.160000,0.000000,-1,
App1_VOICE,1,WIRED_NODE_2,WIRED_NODE_5,95,0,1880.000000,1880.046160,160.000000,46.160000,0.000000,-1,
App1_VOICE,1,WIRED_NODE_2,WIRED_NODE_5,96,0,1900.000000,1900.046160,160.000000,46.160000,0.000000,-1,
App1_VOICE,1,WIRED_NODE_2,WIRED_NODE_5,97,0,1920.000000,1920.046160,160.000000,46.160000,0.000000,-1,
App1_VOICE,1,WIRED_NODE_2,WIRED_NODE_5,98,0,1940.000000,1940.046160,160.000000,46.160000,0.000000,-1,
App1_VOICE,1,WIRED_NODE_2,WIRED_NODE_5,99,0,1960.000000,1960.046160,160.000000,46.160000,0.000000,-1,
App1_VOICE,1,WIRED_NODE_2,WIRED_NODE_5,100,0,1980.000000,1980.046160,160.000000,46.160000,0.000000,-1,
App1_VOICE,1,WIRED_NODE_2,WIRED_NODE_5,101,0,2000.000000,2000.046160,160.000000,46.160000,0.000000,-1,
App1_VOICE,1,WIRED_NODE_2,WIRED_NODE_5,102,0,2020.000000,2020.046160,160.000000,46.160000,0.000000,-1,
App1_VOICE,1,WIRED_NODE_2,WIRED_NODE_5,103,0,2040.000000,2040.046160,160.000000,46.160000,0.000000,-1,
App1_VOICE,1,WIRED_NODE_2,WIRED_NODE_5,104,0,2060.000000,2060.046160,160.000000,46.160000,0.000000,-1,
App1_VOICE,1,WIRED_NODE_2,WIRED_NODE_5,105,0,2080.000000,2080.046160,160.000000,46.160000,0.000000,-1,
App1_VOICE,1,WIRED_NODE_2,WIRED_NODE_5,106,0,2100.000000,2100.046160,160.000000,46.160000,0.000000,-1,
App1_VOICE,1,WIRED_NODE_2,WIRED_NODE_5,107,0,2120.000000,2120.046160,160.000000,46.160000,0.000000,-1,
App1_VOICE,1,WIRED_NODE_2,WIRED_NODE_5,108,0,2140.000000,2140.046160,160.000000,46.160000,0.000000,-1,
App1_VOICE,1,WIRED_NODE_2,WIRED_NODE_5,109,0,2160.000000,2160.046160,160.000000,46.160000,0.000000,-1,
App1_VOICE,1,WIRED_NODE_2,WIRED_NODE_5,110,0,2180.000000,2180.046160,160.000000,46.160000,0.000000,-1,
App1_VOICE,1,WIRED_NODE_2,WIRED_NODE_5,111,0,2200.000000,2200.046160,160.000000,46.160000,0.000000,-1,
App1_VOICE,1,WIRED_NODE_2,WIRED_NODE_5,112,0,2220.000000,2220.046160,160.000000,46.160000,0.000000,-1,
App1_VOICE,1,WIRED_NODE_2,WIRED_NODE_5,113,0,2240.000000,2240.046160,160.000000,46.160000,0.000000,-1,
App1_VOICE,1,WIRED_NODE_2,WIRED_NODE_5,114,0,2260.000000,2260.046160,160.000000,46.160000,0.000000,-1,
App1_VOICE,1,WIRED_NODE_2,WIRED_NODE_5,115,0,2280.000000,2280.046160,160.000000,46.160000,0.000000,-1,
App1_VOICE,1,WIRED_NODE_2,WIRED_NODE_5,116,0,2300.000000,2300.046160,160.000000,46.160000,0.000000,-1,
App1_VOICE,1,WIRED_NODE_2,WIRED_NODE_5,117,0,2320.000000,2320.046160,160.000000,46.160000,0.000000,-1,
App1_VOICE,1,WIRED_NODE_2,WIRED_NODE_5,118,0,2340.000000,2340.046160,160.000000,46.160000,0.000000,-1,
App1_VOICE,1,WIRED_NODE_2,WIRED_NODE_5,119,0,2360.000000,2360.046160,160.000000,46.160000,0.000000,-1,
App1_VOICE,1,WIRED_NODE_2,WIRED_NODE_5,120,0,2380.000000,2380.046160,160.000000,46.160000,0.000000,-1,
App1_VOICE,1,WIRED_NODE_2,WIRED_NODE_5,121,0,2400.000000,2400.046160,160.000000,46.160000,0.000000,-1,
App1_VOICE,1,WIRED_NODE_2,WIRED_NODE_5,122,0,2420.000000,2420.046160,160.000000,46.160000,0.000000,-1,
App1_VOICE,1,WIRED_NODE_2,WIRED_NODE_5,123,0,2440.000000,2440.046160,160.000000,46.160000,0.000000,-1,
App1_VOICE,1,WIRED_NODE_2,WIRED_NODE_5,124,0,2460.000000,2460.046160,160.000000,46.160000,0.000000,-1,
App1_VOICE,1,WIRED_NODE_2,WIRED_NODE_5,125,0,2480.000000,2480.046160,160.000000,46.160000,0.000000,-1,
App1_VOICE,1,WIRED_NODE_2,WIRED_NODE_5,126,0,2500.000000,2500.046160,160.000000,46.160000,0.000000,-1,
App1_VOICE,1,WIRED_NODE_2,WIRED_NODE_5,127,0,2520.000000,2520.046160,160.000000,46.160000,0.000000,-1,
App1_VOICE,1,WIRED_NODE_2,WIRED_NODE_5,128,0,2540.000000,2540.046160,160.000000,46.160000,0.000000,-1,
App1_VOICE,1,WIRED_NODE_2,WIRED_NODE_5,129,0,2560.000000,2560.046160,160.000000,46.160000,0.000000,-1,
App1_VOICE,1,WIRED_NODE_2,WIRED_NODE_5,130,0,2580.000000,2580.046160,160.000000,46.160000,0.000000,-1,
App1_VOICE,1,WIRED_NODE_2,WIRED_NODE_5,131,0,2600.000000,2600.046160,160.000000,46.160000,0.000000,-1,
App1_VOICE,1,WIRED_NODE_2,WIRED_NODE_5,132,0,2620.000000,2620.046160,160.000000,46.160000,0.000000,-1,
App1_VOICE,1,WIRED_NODE_2,WIRED_NODE_5,133,0,2640.000000,2640.046160,160.000000,46.160000,0.000000,-1,
App1_VOICE,1,WIRED_NODE_2,WIRED_NODE_5,134,0,2660.000000,2660.046160,160.000000,46.160000,0.000000,-1,
App1_VOICE,1,WIRED_NODE_2,WIRED_NODE_5,135,0,2680.000000,2680.046160,160.000000,46.160000,0.000000,-1,
App1_VOICE,1,WIRED_NODE_2,WIRED_NODE_5,136,0,2700.000000,2700.046160,160.000000,46.160000,0.000000,-1,
App1_VOICE,1,WIRED_NODE_2,WIRED_NODE_5,137,0,2720.000000,2720.046160,160.000000,46.160000,0.000000,-1,
App1_VOICE,1,WIRED_NODE_2,WIRED_NODE_5,138,0,2740.000000,2740.046160,160.000000,46.160000,0.000000,-1,
App1_VOICE,1,WIRED_NODE_2,WIRED_NODE_5,139,0,2760.000000,2760.046160,160.000000,46.160000,0.000000,-1,
App1_VOICE,1,WIRED_NODE_2,WIRED_NODE_5,140,0,2780.000000,2780.046160,160.000000,46.160000,0.000000,-1,
App1_VOICE,1,WIRED_NODE_2,WIRED_NODE_5,141,0,2800.000000,2800.046160,160.000000,46.160000,0.000000,-1,
App1_VOICE,1,WIRED_NODE_2,WIRED_NODE_5,142,0,2820.000000,2820.046160,160.000000,46.160000,0.000000,-1,
App1_VOICE,1,WIRED_NODE_2,WIRED_NODE_5,143,0,2840.000000,2840.046160,160.000000,46.160000,0.000000,-1,
App1_VOICE,1,WIRED_NODE_2,WIRED_NODE_5,144,0,2860.000000,2860.046160,160.000000,46.160000,0.000000,-1,
App1_VOICE,1,WIRED_NODE_2,WIRED_NODE_5,145,0,2880.000000,2880.046160,160.000000,46.160000,0.000000,-1,
App1_VOICE,1,WIRED_NODE_2,WIRED_NODE_5,146,0,2900.000000,2900.046160,160.000000,46.160000,0.000000,-1,
App1_VOICE,1,WIRED_NODE_2,WIRED_NODE_5,147,0,2920.000000,2920.046160,160.000000,46.160000,0.000000,-1,
App1_VOICE,1,WIRED_NODE_2,WIRED_NODE_5,148,0,2940.000000,2940.046160,160.000000,46.160000,0.000000,-1,
App1_VOICE,1,WIRED_NODE_2,WIRED_NODE_5,149,0,2960.000000,2960.046160,160.000000,46.160000,0.000000,-1,
App1_VOICE,1,WIRED_NODE_2,WIRED_NODE_5,150,0,2980.000000,2980.046160,160.000000,46.160000,0.000000,-1,
App1_VOICE,1,WIRED_NODE_2,WIRED_NODE_5,151,0,3000.000000,3000.046160,160.000000,46.160000,0.000000,-1,
App1_VOICE,1,WIRED_NODE_2,WIRED_NODE_5,152,0,3020.000000,3020.046160,160.000000,46.160000,0.000000,-1,
App1_VOICE,1,WIRED_NODE_2,WIRED_NODE_5,153,0,3040.000000,3040.046160,160.000000,46.160000,0.000000,-1,
App1_VOICE,1,WIRED_NODE_2,WIRED_NODE_5,154,0,3060.000000,3060.046160,160.000000,46.160000,0.000000,-1,
App1_VOICE,1,WIRED_NODE_2,WIRED_NODE_5,155,0,3080.000000,3080.046160,160.000000,46.160000,0.000000,-1,
App1_VOICE,1,WIRED_NODE_2,WIRED_NODE_5,156,0,3100.000000,3100.046160,160.000000,46.160000,0.000000,-1,
App1_VOICE,1,WIRED_NODE_2,WIRED_NODE_5,157,0,3120.000000,3120.046160,160.000000,46.160000,0.000000,-1,
App1_VOICE,1,WIRED_NODE_2,WIRED_NODE_5,158,0,3140.000000,3140.046160,160.000000,46.160000,0.000000,-1,
App1_VOICE,1,WIRED_NODE_2,WIRED_NODE_5,159,0,3160.000000,3160.046160,160.000000,46.160000,0.000000,-1,
App1_VOICE,1,WIRED_NODE_2,WIRED_NODE_5,160,0,3180.000000,3180.046160,160.000000,46.160000,0.000000,-1,
App1_VOICE,1,WIRED_NODE_2,WIRED_NODE_5,161,0,3200.000000,3200.046160,160.000000,46.160000,0.000000,-1,
App1_VOICE,1,WIRED_NODE_2,WIRED_NODE_5,162,0,3220.000000,3220.046160,160.000000,46.160000,0.000000,-1,
App1_VOICE,1,WIRED_NODE_2,WIRED_NODE_5,163,0,3240.000000,3240.046160,160.000000,46.160000,0.000000,-1,
App1_VOICE,1,WIRED_NODE_2,WIRED_NODE_5,164,0,3260.000000,3260.046160,160.000000,46.160000,0.000000,-1,
App1_VOICE,1,WIRED_NODE_2,WIRED_NODE_5,165,0,3280.000000,3280.046160,160.000000,46.160000,0.000000,-1,
App1_VOICE,1,WIRED_NODE_2,WIRED_NODE_5,166,0,3300.000000,3300.046160,160.000000,46.160000,0.000000,-1,
App1_VOICE,1,WIRED_NODE_2,WIRED_NODE_5,167,0,3320.000000,3320.046160,160.000000,46.160000,0.000000,-1,
App1_VOICE,1,WIRED_NODE_2,WIRED_NODE_5,168,0,3340.000000,3340.046160,160.000000,46.160000,0.000000,-1,
App1_VOICE,1,WIRED_NODE_2,WIRED_NODE_5,169,0,3360.000000,3360.046160,160.000000,46.160000,0.000000,-1,
App1_VOICE,1,WIRED_NODE_2,WIRED_NODE_5,170,0,3380.000000,3380.046160,160.000000,46.160000,0.000000,-1,
App1_VOICE,1,WIRED_NODE_2,WIRED_NODE_5,171,0,3400.000000,3400.046160,160.000000,46.160000,0.000000,-1,
App1_VOICE,1,WIRED_NODE_2,WIRED_NODE_5,172,0,3420.000000,3420.046160,160.000000,46.160000,0.000000,-1,
App1_VOICE,1,WIRED_NODE_2,WIRED_NODE_5,173,0,3440.000000,3440.046160,160.000000,46.160000,0.000000,-1,
App1_VOICE,1,WIRED_NODE_2,WIRED_NODE_5,174,0,3460.000000,3460.046160,160.000000,46.160000,0.000000,-1,
App1_VOICE,1,WIRED_NODE_2,WIRED_NODE_5,175,0,3480.000000,3480.046160,160.000000,46.160000,0.000000,-1,
App1_VOICE,1,WIRED_NODE_2,WIRED_NODE_5,176,0,3500.000000,3500.046160,160.000000,46.160000,0.000000,-1,
App1_VOICE,1,WIRED_NODE_2,WIRED_NODE_5,177,0,3520.000000,3520.046160,160.000000,46.160000,0.000000,-1,
App1_VOICE,1,WIRED_NODE_2,WIRED_NODE_5,178,0,3540.000000,3540.046160,160.000000,46.160000,0.000000,-1,
App1_VOICE,1,WIRED_NODE_2,WIRED_NODE_5,179,0,3560.000000,3560.046160,160.000000,46.160000,0.000000,-1,
App1_VOICE,1,WIRED_NODE_2,WIRED_NODE_5,180,0,3580.000000,3580.046160,160.000000,46.160000,0.000000,-1,
App1_VOICE,1,WIRED_NODE_2,WIRED_NODE_5,181,0,3600.000000,3600.046160,160.000000,46.160000,0.000000,-1,
App1_VOICE,1,WIRED_NODE_2,WIRED_NODE_5,182,0,3620.000000,3620.046160,160.000000,46.160000,0.000000,-1,
App1_VOICE,1,WIRED_NODE_2,WIRED_NODE_5,183,0,3640.000000,3640.046160,160.000000,46.160000,0.000000,-1,
App1_VOICE,1,WIRED_NODE_2,WIRED_NODE_5,184,0,3660.000000,3660.046160,160.000000,46.160000,0.000000,-1,
App1_VOICE,1,WIRED_NODE_2,WIRED_NODE_5,185,0,3680.000000,3680.046160,160.000000,46.160000,0.000000,-1,
App1_VOICE,1,WIRED_NODE_2,WIRED_NODE_5,186,0,3700.000000,3700.046160,160.000000,46.160000,0.000000,-1,
App1_VOICE,1,WIRED_NODE_2,WIRED_NODE_5,187,0,3720.000000,3720.046160,160.000000,46.160000,0.000000,-1,
App1_VOICE,1,WIRED_NODE_2,WIRED_NODE_5,188,0,3740.000000,3740.046160,160.000000,46.160000,0.000000,-1,
App1_VOICE,1,WIRED_NODE_2,WIRED_NODE_5,189,0,3760.000000,3760.046160,160.000000,46.160000,0.000000,-1,
App1_VOICE,1,WIRED_NODE_2,WIRED_NODE_5,190,0,3780.000000,3780.046160,160.000000,46.160000,0.000000,-1,
App1_VOICE,1,WIRED_NODE_2,WIRED_NODE_5,191,0,3800.000000,3800.046160,160.000000,46.160000,0.000000,-1,
App1_VOICE,1,WIRED_NODE_2,WIRED_NODE_5,192,0,3820.000000,3820.046160,160.000000,46.160000,0.000000,-1,
App1_VOICE,1,WIRED_NODE_2,WIRED_NODE_5,193,0,3840.000000,3840.046160,160.000000,46.160000,0.000000,-1,
App1_VOICE,1,WIRED_NODE_2,WIRED_NODE_5,194,0,3860.000000,3860.046160,160.000000,46.160000,0.000000,-1,
App1_VOICE,1,WIRED_NODE_2,WIRED_NODE_5,195,0,3880.000000,3880.046160,160.000000,46.160000,0.000000,-1,
App1_VOICE,1,WIRED_NODE_2,WIRED_NODE_5,196,0,3900.000000,3900.046160,160.000000,46.160000,0.000000,-1,
App1_VOICE,1,WIRED_NODE_2,WIRED_NODE_5,197,0,3920.000000,3920.046160,160.000000,46.160000,0.000000,-1,
App1_VOICE,1,WIRED_NODE_2,WIRED_NODE_5,198,0,3940.000000,3940.046160,160.000000,46.160000,0.000000,-1,
App1_VOICE,1,WIRED_NODE_2,WIRED_NODE_5,199,0,3960.000000,3960.046160,160.000000,46.160000,0.000000,-1,
App1_VOICE,1,WIRED_NODE_2,WIRED_NODE_5,200,0,3980.000000,3980.046160,160.000000,46.160000,0.000000,-1,
App1_VOICE,1,WIRED_NODE_2,WIRED_NODE_5,201,0,4000.000000,4000.046160,160.000000,46.160000,0.000000,-1,
App1_VOICE,1,WIRED_NODE_2,WIRED_NODE_5,202,0,4020.000000,4020.046160,160.000000,46.160000,0.000000,-1,
App1_VOICE,1,WIRED_NODE_2,WIRED_NODE_5,203,0,4040.000000,4040.046160,160.000000,46.160000,0.000000,-1,
App1_VOICE,1,WIRED_NODE_2,WIRED_NODE_5,204,0,4060.000000,4060.046160,160.000000,46.160000,0.000000,-1,
App1_VOICE,1,WIRED_NODE_2,WIRED_NODE_5,205,0,4080.000000,4080.046160,160.000000,46.160000,0.000000,-1,
App1_VOICE,1,WIRED_NODE_2,WIRED_NODE_5,206,0,4100.000000,4100.046160,160.000000,46.160000,0.000000,-1,
App1_VOICE,1,WIRED_NODE_2,WIRED_NODE_5,207,0,4120.000000,4120.046160,160.000000,46.160000,0.000000,-1,
App1_VOICE,1,WIRED_NODE_2,WIRED_NODE_5,208,0,4140.000000,4140.046160,160.000000,46.160000,0.000000,-1,
App1_VOICE,1,WIRED_NODE_2,WIRED_NODE_5,209,0,4160.000000,4160.046160,160.000000,46.160000,0.000000,-1,
App1_VOICE,1,WIRED_NODE_2,WIRED_NODE_5,210,0,4180.000000,4180.046160,160.000000,46.160000,0.000000,-1,
App1_VOICE,1,WIRED_NODE_2,WIRED_NODE_5,211,0,4200.000000,4200.046160,160.000000,46.160000,0.000000,-1,
App1_VOICE,1,WIRED_NODE_2,WIRED_NODE_5,212,0,4220.000000,4220.046160,160.000000,46.160000,0.000000,-1,
App1_VOICE,1,WIRED_NODE_2,WIRED_NODE_5,213,0,4240.000000,4240.046160,160.000000,46.160000,0.000000,-1,
App1_VOICE,1,WIRED_NODE_2,WIRED_NODE_5,214,0,4260.000000,4260.046160,160.000000,46.160000,0.000000,-1,
App1_VOICE,1,WIRED_NODE_2,WIRED_NODE_5,215,0,4280.000000,4280.046160,160.000000,46.160000,0.000000,-1,
App1_VOICE,1,WIRED_NODE_2,WIRED_NODE_5,216,0,4300.000000,4300.046160,160.000000,46.160000,0.000000,-1,
App1_VOICE,1,WIRED_NODE_2,WIRED_NODE_5,217,0,4320.000000,4320.046160,160.000000,46.160000,0.000000,-1,
App1_VOICE,1,WIRED_NODE_2,WIRED_NODE_5,218,0,4340.000000,4340.046160,160.000000,46.160000,0.000000,-1,
App1_VOICE,1,WIRED_NODE_2,WIRED_NODE_5,219,0,4360.000000,4360.046160,160.000000,46.160000,0.000000,-1,
App1_VOICE,1,WIRED_NODE_2,WIRED_NODE_5,220,0,4380.000000,4380.046160,160.000000,46.160000,0.000000,-1,
App1_VOICE,1,WIRED_NODE_2,WIRED_NODE_5,221,0,4400.000000,4400.046160,160.000000,46.160000,0.000000,-1,
App1_VOICE,1,WIRED_NODE_2,WIRED_NODE_5,222,0,4420.000000,4420.046160,160.000000,46.160000,0.000000,-1,
App1_VOICE,1,WIRED_NODE_2,WIRED_NODE_5,223,0,4440.000000,4440.046160,160.000000,46.160000,0.000000,-1,
App1_VOICE,1,WIRED_NODE_2,WIRED_NODE_5,224,0,4460.000000,4460.046160,160.000000,46.160000,0.000000,-1,
App1_VOICE,1,WIRED_NODE_2,WIRED_NODE_5,225,0,4480.000000,4480.046160,160.000000,46.160000,0.000000,-1,
App1_VOICE,1,WIRED_NODE_2,WIRED_NODE_5,226,0,4500.000000,4500.046160,160.000000,46.160000,0.000000,-1,
App1_VOICE,1,WIRED_NODE_2,WIRED_NODE_5,227,0,4520.000000,4520.046160,160.000000,46.160000,0.000000,-1,
App1_VOICE,1,WIRED_NODE_2,WIRED_NODE_5,228,0,4540.000000,4540.046160,160.000000,46.160000,0.000000,-1,
App1_VOICE,1,WIRED_NODE_2,WIRED_NODE_5,229,0,4560.000000,4560.046160,160.000000,46.160000,0.000000,-1,
App1_VOICE,1,WIRED_NODE_2,WIRED_NODE_5,230,0,4580.000000,4580.046160,160.000000,46.160000,0.000000,-1,
App1_VOICE,1,WIRED_NODE_2,WIRED_NODE_5,231,0,4600.000000,4600.046160,160.000000,46.160000,0.000000,-1,
App1_VOICE,1,WIRED_NODE_2,WIRED_NODE_5,232,0,4620.000000,4620.046160,160.000000,46.160000,0.000000,-1,
App1_VOICE,1,WIRED_NODE_2,WIRED_NODE_5,233,0,4640.000000,4640.046160,160.000000,46.160000,0.000000,-1,
App1_VOICE,1,WIRED_NODE_2,WIRED_NODE_5,234,0,4660.000000,4660.046160,160.000000,46.160000,0.000000,-1,
App1_VOICE,1,WIRED_NODE_2,WIRED_NODE_5,235,0,4680.000000,4680.046160,160.000000,46.160000,0.000000,-1,
App1_VOICE,1,WIRED_NODE_2,WIRED_NODE_5,236,0,4700.000000,4700.046160,160.000000,46.160000,0.000000,-1,
App1_VOICE,1,WIRED_NODE_2,WIRED_NODE_5,237,0,4720.000000,4720.046160,160.000000,46.160000,0.000000,-1,
App1_VOICE,1,WIRED_NODE_2,WIRED_NODE_5,238,0,4740.000000,4740.046160,160.000000,46.160000,0.000000,-1,
App1_VOICE,1,WIRED_NODE_2,WIRED_NODE_5,239,0,4760.000000,4760.046160,160.000000,46.160000,0.000000,-1,
App1_VOICE,1,WIRED_NODE_2,WIRED_NODE_5,240,0,4780.000000,4780.046160,160.000000,46.160000,0.000000,-1,
App1_VOICE,1,WIRED_NODE_2,WIRED_NODE_5,241,0,4800.000000,4800.046160,160.000000,46.160000,0.000000,-1,
App1_VOICE,1,WIRED_NODE_2,WIRED_NODE_5,242,0,4820.000000,4820.046160,160.000000,46.160000,0.000000,-1,
App1_VOICE,1,WIRED_NODE_2,WIRED_NODE_5,243,0,4840.000000,4840.046160,160.000000,46.160000,0.000000,-1,
App1_VOICE,1,WIRED_NODE_2,WIRED_NODE_5,244,0,4860.000000,4860.046160,160.000000,46.160000,0.000000,-1,
App1_VOICE,1,WIRED_NODE_2,WIRED_NODE_5,245,0,4880.000000,4880.046160,160.000000,46.160000,0.000000,-1,
App1_VOICE,1,WIRED_NODE_2,WIRED_NODE_5,246,0,4900.000000,4900.046160,160.000000,46.160000,0.000000,-1,
App1_VOICE,1,WIRED_NODE_2,WIRED_NODE_5,247,0,4920.000000,4920.046160,160.000000,46.160000,0.000000,-1,
App1_VOICE,1,WIRED_NODE_2,WIRED_NODE_5,248,0,4940.000000,4940.046160,160.000000,46.160000,0.000000,-1,
App1_VOICE,1,WIRED_NODE_2,WIRED_NODE_5,249,0,4960.000000,4960.046160,160.000000,46.160000,0.000000,-1,
App1_VOICE,1,WIRED_NODE_2,WIRED_NODE_5,250,0,4980.000000,4980.046160,160.000000,46.160000,0.000000,-1,
App1_VOICE,1,WIRED_NODE_2,WIRED_NODE_5,251,0,5000.000000,5000.046160,160.000000,46.160000,0.000000,-1,
App1_VOICE,1,WIRED_NODE_2,WIRED_NODE_5,252,0,5020.000000,5020.046160,160.000000,46.160000,0.000000,-1,
App1_VOICE,1,WIRED_NODE_2,WIRED_NODE_5,253,0,5040.000000,5040.046160,160.000000,46.160000,0.000000,-1,
App1_VOICE,1,WIRED_NODE_2,WIRED_NODE_5,254,0,5060.000000,5060.046160,160.000000,46.160000,0.000000,-1,
App1_VOICE,1,WIRED_NODE_2,WIRED_NODE_5,255,0,5080.000000,5080.046160,160.000000,46.160000,0.000000,-1,
App1_VOICE,1,WIRED_NODE_2,WIRED_NODE_5,256,0,5100.000000,5100.046160,160.000000,46.160000,0.000000,-1,
App1_VOICE,1,WIRED_NODE_2,WIRED_NODE_5,257,0,5120.000000,5120.046160,160.000000,46.160000,0.000000,-1,
App1_VOICE,1,WIRED_NODE_2,WIRED_NODE_5,258,0,5140.000000,5140.046160,160.000000,46.160000,0.000000,-1,
App1_VOICE,1,WIRED_NODE_2,WIRED_NODE_5,259,0,5160.000000,5160.046160,160.000000,46.160000,0.000000,-1,
App1_VOICE,1,WIRED_NODE_2,WIRED_NODE_5,260,0,5180.000000,5180.046160,160.000000,46.160000,0.000000,-1,
App1_VOICE,1,WIRED_NODE_2,WIRED_NODE_5,261,0,5200.000000,5200.046160,160.000000,46.160000,0.000000,-1,
App1_VOICE,1,WIRED_NODE_2,WIRED_NODE_5,262,0,5220.000000,5220.046160,160.000000,46.160000,0.000000,-1,
App1_VOICE,1,WIRED_NODE_2,WIRED_NODE_5,263,0,5240.000000,5240.046160,160.000000,46.160000,0.000000,-1,
App1_VOICE,1,WIRED_NODE_2,WIRED_NODE_5,264,0,5260.000000,5260.046160,160.000000,46.160000,0.000000,-1,
App1_VOICE,1,WIRED_NODE_2,WIRED_NODE_5,265,0,5280.000000,5280.046160,160.000000,46.160000,0.000000,-1,
App1_VOICE,1,WIRED_NODE_2,WIRED_NODE_5,266,0,5300.000000,5300.046160,160.000000,46.160000,0.000000,-1,
App1_VOICE,1,WIRED_NODE_2,WIRED_NODE_5,267,0,5320.000000,5320.046160,160.000000,46.160000,0.000000,-1,
App1_VOICE,1,WIRED_NODE_2,WIRED_NODE_5,268,0,5340.000000,5340.046160,160.000000,46.160000,0.000000,-1,
App1_VOICE,1,WIRED_NODE_2,WIRED_NODE_5,269,0,5360.000000,5360.046160,160.000000,46.160000,0.000000,-1,
App1_VOICE,1,WIRED_NODE_2,WIRED_NODE_5,270,0,5380.000000,5380.046160,160.000000,46.160000,0.000000,-1,
App1_VOICE,1,WIRED_NODE_2,WIRED_NODE_5,271,0,5400.000000,5400.046160,160.000000,46.160000,0.000000,-1,
App1_VOICE,1,WIRED_NODE_2,WIRED_NODE_5,272,0,5420.000000,5420.046160,160.000000,46.160000,0.000000,-1,
App1_VOICE,1,WIRED_NODE_2,WIRED_NODE_5,273,0,5440.000000,5440.046160,160.000000,46.160000,0.000000,-1,
App1_VOICE,1,WIRED_NODE_2,WIRED_NODE_5,274,0,5460.000000,5460.046160,160.000000,46.160000,0.000000,-1,
App1_VOICE,1,WIRED_NODE_2,WIRED_NODE_5,275,0,5480.000000,5480.046160,160.000000,46.160000,0.000000,-1,
App1_VOICE,1,WIRED_NODE_2,WIRED_NODE_5,276,0,5500.000000,5500.046160,160.000000,46.160000,0.000000,-1,
App1_VOICE,1,WIRED_NODE_2,WIRED_NODE_5,277,0,5520.000000,5520.046160,160.000000,46.160000,0.000000,-1,
App1_VOICE,1,WIRED_NODE_2,WIRED_NODE_5,278,0,5540.000000,5540.046160,160.000000,46.160000,0.000000,-1,
App1_VOICE,1,WIRED_NODE_2,WIRED_NODE_5,279,0,5560.000000,5560.046160,160.000000,46.160000,0.000000,-1,
App1_VOICE,1,WIRED_NODE_2,WIRED_NODE_5,280,0,5580.000000,5580.046160,160.000000,46.160000,0.000000,-1,
App1_VOICE,1,WIRED_NODE_2,WIRED_NODE_5,281,0,5600.000000,5600.046160,160.000000,46.160000,0.000000,-1,
App1_VOICE,1,WIRED_NODE_2,WIRED_NODE_5,282,0,5620.000000,5620.046160,160.000000,46.160000,0.000000,-1,
App1_VOICE,1,WIRED_NODE_2,WIRED_NODE_5,283,0,5640.000000,5640.046160,160.000000,46.160000,0.000000,-1,
App1_VOICE,1,WIRED_NODE_2,WIRED_NODE_5,284,0,5660.000000,5660.046160,160.000000,46.160000,0.000000,-1,
App1_VOICE,1,WIRED_NODE_2,WIRED_NODE_5,285,0,5680.000000,5680.046160,160.000000,46.160000,0.000000,-1,
App1_VOICE,1,WIRED_NODE_2,WIRED_NODE_5,286,0,5700.000000,5700.046160,160.000000,46.160000,0.000000,-1,
App1_VOICE,1,WIRED_NODE_2,WIRED_NODE_5,287,0,5720.000000,5720.046160,160.000000,46.160000,0.000000,-1,
App1_VOICE,1,WIRED_NODE_2,WIRED_NODE_5,288,0,5740.000000,5740.046160,160.000000,46.160000,0.000000,-1,
App1_VOICE,1,WIRED_NODE_2,WIRED_NODE_5,289,0,5760.000000,5760.046160,160.000000,46.160000,0.000000,-1,
App1_VOICE,1,WIRED_NODE_2,WIRED_NODE_5,290,0,5780.000000,5780.046160,160.000000,46.160000,0.000000,-1,
App1_VOICE,1,WIRED_NODE_2,WIRED_NODE_5,291,0,5800.000000,5800.046160,160.000000,46.160000,0.000000,-1,
App1_VOICE,1,WIRED_NODE_2,WIRED_NODE_5,292,0,5820.000000,5820.046160,160.000000,46.160000,0.000000,-1,
App1_VOICE,1,WIRED_NODE_2,WIRED_NODE_5,293,0,5840.000000,5840.046160,160.000000,46.160000,0.000000,-1,
App1_VOICE,1,WIRED_NODE_2,WIRED_NODE_5,294,0,5860.000000,5860.046160,160.000000,46.160000,0.000000,-1,
App1_VOICE,1,WIRED_NODE_2,WIRED_NODE_5,295,0,5880.000000,5880.046160,160.000000,46.160000,0.000000,-1,
App1_VOICE,1,WIRED_NODE_2,WIRED_NODE_5,296,0,5900.000000,5900.046160,160.000000,46.160000,0.000000,-1,
App1_VOICE,1,WIRED_NODE_2,WIRED_NODE_5,297,0,5920.000000,5920.046160,160.000000,46.160000,0.000000,-1,
App1_VOICE,1,WIRED_NODE_2,WIRED_NODE_5,298,0,5940.000000,5940.046160,160.000000,46.160000,0.000000,-1,
App1_VOICE,1,WIRED_NODE_2,WIRED_NODE_5,299,0,5960.000000,5960.046160,160.000000,46.160000,0.000000,-1,
App1_VOICE,1,WIRED_NODE_2,WIRED_NODE_5,300,0,5980.000000,5980.046160,160.000000,46.160000,0.000000,-1,
App1_VOICE,1,WIRED_NODE_2,WIRED_NODE_5,301,0,6000.000000,6000.046160,160.000000,46.160000,0.000000,-1,
App1_VOICE,1,WIRED_NODE_2,WIRED_NODE_5,302,0,6020.000000,6020.046160,160.000000,46.160000,0.000000,-1,
App1_VOICE,1,WIRED_NODE_2,WIRED_NODE_5,303,0,6040.000000,6040.046160,160.000000,46.160000,0.000000,-1,
App1_VOICE,1,WIRED_NODE_2,WIRED_NODE_5,304,0,6060.000000,6060.046160,160.000000,46.160000,0.000000,-1,
App1_VOICE,1,WIRED_NODE_2,WIRED_NODE_5,305,0,6080.000000,6080.046160,160.000000,46.160000,0.000000,-1,
App1_VOICE,1,WIRED_NODE_2,WIRED_NODE_5,306,0,6100.000000,6100.046160,160.000000,46.160000,0.000000,-1,
App1_VOICE,1,WIRED_NODE_2,WIRED_NODE_5,307,0,6120.000000,6120.046160,160.000000,46.160000,0.000000,-1,
App1_VOICE,1,WIRED_NODE_2,WIRED_NODE_5,308,0,6140.000000,6140.046160,160.000000,46.160000,0.000000,-1,
App1_VOICE,1,WIRED_NODE_2,WIRED_NODE_5,309,0,6160.000000,6160.046160,160.000000,46.160000,0.000000,-1,
App1_VOICE,1,WIRED_NODE_2,WIRED_NODE_5,310,0,6180.000000,6180.046160,160.000000,46.160000,0.000000,-1,
App1_VOICE,1,WIRED_NODE_2,WIRED_NODE_5,311,0,6200.000000,6200.046160,160.000000,46.160000,0.000000,-1,
App1_VOICE,1,WIRED_NODE_2,WIRED_NODE_5,312,0,6220.000000,6220.046160,160.000000,46.160000,0.000000,-1,
App1_VOICE,1,WIRED_NODE_2,WIRED_NODE_5,313,0,6240.000000,6240.046160,160.000000,46.160000,0.000000,-1,
App1_VOICE,1,WIRED_NODE_2,WIRED_NODE_5,314,0,6260.000000,6260.046160,160.000000,46.160000,0.000000,-1,
App1_VOICE,1,WIRED_NODE_2,WIRED_NODE_5,315,0,6280.000000,6280.046160,160.000000,46.160000,0.000000,-1,
App1_VOICE,1,WIRED_NODE_2,WIRED_NODE_5,316,0,6300.000000,6300.046160,160.000000,46.160000,0.000000,-1,
App1_VOICE,1,WIRED_NODE_2,WIRED_NODE_5,317,0,6320.000000,6320.046160,160.000000,46.160000,0.000000,-1,
App1_VOICE,1,WIRED_NODE_2,WIRED_NODE_5,318,0,6340.000000,6340.046160,160.000000,46.160000,0.000000,-1,
App1_VOICE,1,WIRED_NODE_2,WIRED_NODE_5,319,0,6360.000000,6360.046160,160.000000,46.160000,0.000000,-1,
App1_VOICE,1,WIRED_NODE_2,WIRED_NODE_5,320,0,6380.000000,6380.046160,160.000000,46.160000,0.000000,-1,
App1_VOICE,1,WIRED_NODE_2,WIRED_NODE_5,321,0,6400.000000,6400.046160,160.000000,46.160000,0.000000,-1,
App1_VOICE,1,WIRED_NODE_2,WIRED_NODE_5,322,0,6420.000000,6420.046160,160.000000,46.160000,0.000000,-1,
App1_VOICE,1,WIRED_NODE_2,WIRED_NODE_5,323,0,6440.000000,6440.046160,160.000000,46.160000,0.000000,-1,
App1_VOICE,1,WIRED_NODE_2,WIRED_NODE_5,324,0,6460.000000,6460.046160,160.000000,46.160000,0.000000,-1,
App1_VOICE,1,WIRED_NODE_2,WIRED_NODE_5,325,0,6480.000000,6480.046160,160.000000,46.160000,0.000000,-1,
App1_VOICE,1,WIRED_NODE_2,WIRED_NODE_5,326,0,6500.000000,6500.046160,160.000000,46.160000,0.000000,-1,
App1_VOICE,1,WIRED_NODE_2,WIRED_NODE_5,327,0,6520.000000,6520.046160,160.000000,46.160000,0.000000,-1,
App1_VOICE,1,WIRED_NODE_2,WIRED_NODE_5,328,0,6540.000000,6540.046160,160.000000,46.160000,0.000000,-1,
App1_VOICE,1,WIRED_NODE_2,WIRED_NODE_5,329,0,6560.000000,6560.046160,160.000000,46.160000,0.000000,-1,
App1_VOICE,1,WIRED_NODE_2,WIRED_NODE_5,330,0,6580.000000,6580.046160,160.000000,46.160000,0.000000,-1,
App1_VOICE,1,WIRED_NODE_2,WIRED_NODE_5,331,0,6600.000000,6600.046160,160.000000,46.160000,0.000000,-1,
App1_VOICE,1,WIRED_NODE_2,WIRED_NODE_5,332,0,6620.000000,6620.046160,160.000000,46.160000,0.000000,-1,
App1_VOICE,1,WIRED_NODE_2,WIRED_NODE_5,333,0,6640.000000,6640.046160,160.000000,46.160000,0.000000,-1,
App1_VOICE,1,WIRED_NODE_2,WIRED_NODE_5,334,0,6660.000000,6660.046160,160.000000,46.160000,0.000000,-1,
App1_VOICE,1,WIRED_NODE_2,WIRED_NODE_5,335,0,6680.000000,6680.046160,160.000000,46.160000,0.000000,-1,
App1_VOICE,1,WIRED_NODE_2,WIRED_NODE_5,336,0,6700.000000,6700.046160,160.000000,46.160000,0.000000,-1,
App1_VOICE,1,WIRED_NODE_2,WIRED_NODE_5,337,0,6720.000000,6720.046160,160.000000,46.160000,0.000000,-1,
App1_VOICE,1,WIRED_NODE_2,WIRED_NODE_5,338,0,6740.000000,6740.046160,160.000000,46.160000,0.000000,-1,
App1_VOICE,1,WIRED_NODE_2,WIRED_NODE_5,339,0,6760.000000,6760.046160,160.000000,46.160000,0.000000,-1,
App1_VOICE,1,WIRED_NODE_2,WIRED_NODE_5,340,0,6780.000000,6780.046160,160.000000,46.160000,0.000000,-1,
App1_VOICE,1,WIRED_NODE_2,WIRED_NODE_5,341,0,6800.000000,6800.046160,160.000000,46.160000,0.000000,-1,
App1_VOICE,1,WIRED_NODE_2,WIRED_NODE_5,342,0,6820.000000,6820.046160,160.000000,46.160000,0.000000,-1,
App1_VOICE,1,WIRED_NODE_2,WIRED_NODE_5,343,0,6840.000000,6840.046160,160.000000,46.160000,0.000000,-1,
App1_VOICE,1,WIRED_NODE_2,WIRED_NODE_5,344,0,6860.000000,6860.046160,160.000000,46.160000,0.000000,-1,
App1_VOICE,1,WIRED_NODE_2,WIRED_NODE_5,345,0,6880.000000,6880.046160,160.000000,46.160000,0.000000,-1,
App1_VOICE,1,WIRED_NODE_2,WIRED_NODE_5,346,0,6900.000000,6900.046160,160.000000,46.160000,0.000000,-1,
App1_VOICE,1,WIRED_NODE_2,WIRED_NODE_5,347,0,6920.000000,6920.046160,160.000000,46.160000,0.000000,-1,
App1_VOICE,1,WIRED_NODE_2,WIRED_NODE_5,348,0,6940.000000,6940.046160,160.000000,46.160000,0.000000,-1,
App1_VOICE,1,WIRED_NODE_2,WIRED_NODE_5,349,0,6960.000000,6960.046160,160.000000,46.160000,0.000000,-1,
App1_VOICE,1,WIRED_NODE_2,WIRED_NODE_5,350,0,6980.000000,6980.046160,160.000000,46.160000,0.000000,-1,
App1_VOICE,1,WIRED_NODE_2,WIRED_NODE_5,351,0,7000.000000,7000.046160,160.000000,46.160000,0.000000,-1,
App1_VOICE,1,WIRED_NODE_2,WIRED_NODE_5,352,0,7020.000000,7020.046160,160.000000,46.160000,0.000000,-1,
App1_VOICE,1,WIRED_NODE_2,WIRED_NODE_5,353,0,7040.000000,7040.046160,160.000000,46.160000,0.000000,-1,
App1_VOICE,1,WIRED_NODE_2,WIRED_NODE_5,354,0,7060.000000,7060.046160,160.000000,46.160000,0.000000,-1,
App1_VOICE,1,WIRED_NODE_2,WIRED_NODE_5,355,0,7080.000000,7080.046160,160.000000,46.160000,0.000000,-1,
App1_VOICE,1,WIRED_NODE_2,WIRED_NODE_5,356,0,7100.000000,7100.046160,160.000000,46.160000,0.000000,-1,
App1_VOICE,1,WIRED_NODE_2,WIRED_NODE_5,357,0,7120.000000,7120.046160,160.000000,46.160000,0.000000,-1,
App1_VOICE,1,WIRED_NODE_2,WIRED_NODE_5,358,0,7140.000000,7140.046160,160.000000,46.160000,0.000000,-1,
App1_VOICE,1,WIRED_NODE_2,WIRED_NODE_5,359,0,7160.000000,7160.046160,160.000000,46.160000,0.000000,-1,
App1_VOICE,1,WIRED_NODE_2,WIRED_NODE_5,360,0,7180.000000,7180.046160,160.000000,46.160000,0.000000,-1,
App1_VOICE,1,WIRED_NODE_2,WIRED_NODE_5,361,0,7200.000000,7200.046160,160.000000,46.160000,0.000000,-1,
App1_VOICE,1,WIRED_NODE_2,WIRED_NODE_5,362,0,7220.000000,7220.046160,160.000000,46.160000,0.000000,-1,
App1_VOICE,1,WIRED_NODE_2,WIRED_NODE_5,363,0,7240.000000,7240.046160,160.000000,46.160000,0.000000,-1,
App1_VOICE,1,WIRED_NODE_2,WIRED_NODE_5,364,0,7260.000000,7260.046160,160.000000,46.160000,0.000000,-1,
App1_VOICE,1,WIRED_NODE_2,WIRED_NODE_5,365,0,7280.000000,7280.046160,160.000000,46.160000,0.000000,-1,
App1_VOICE,1,WIRED_NODE_2,WIRED_NODE_5,366,0,7300.000000,7300.046160,160.000000,46.160000,0.000000,-1,
App1_VOICE,1,WIRED_NODE_2,WIRED_NODE_5,367,0,7320.000000,7320.046160,160.000000,46.160000,0.000000,-1,
App1_VOICE,1,WIRED_NODE_2,WIRED_NODE_5,368,0,7340.000000,7340.046160,160.000000,46.160000,0.000000,-1,
App1_VOICE,1,WIRED_NODE_2,WIRED_NODE_5,369,0,7360.000000,7360.046160,160.000000,46.160000,0.000000,-1,
App1_VOICE,1,WIRED_NODE_2,WIRED_NODE_5,370,0,7380.000000,7380.046160,160.000000,46.160000,0.000000,-1,
App1_VOICE,1,WIRED_NODE_2,WIRED_NODE_5,371,0,7400.000000,7400.046160,160.000000,46.160000,0.000000,-1,
App1_VOICE,1,WIRED_NODE_2,WIRED_NODE_5,372,0,7420.000000,7420.046160,160.000000,46.160000,0.000000,-1,
App1_VOICE,1,WIRED_NODE_2,WIRED_NODE_5,373,0,7440.000000,7440.046160,160.000000,46.160000,0.000000,-1,
App1_VOICE,1,WIRED_NODE_2,WIRED_NODE_5,374,0,7460.000000,7460.046160,160.000000,46.160000,0.000000,-1,
App1_VOICE,1,WIRED_NODE_2,WIRED_NODE_5,375,0,7480.000000,7480.046160,160.000000,46.160000,0.000000,-1,
App1_VOICE,1,WIRED_NODE_2,WIRED_NODE_5,376,0,7500.000000,7500.046160,160.000000,46.160000,0.000000,-1,
App1_VOICE,1,WIRED_NODE_2,WIRED_NODE_5,377,0,7520.000000,7520.046160,160.000000,46.160000,0.000000,-1,
App1_VOICE,1,WIRED_NODE_2,WIRED_NODE_5,378,0,7540.000000,7540.046160,160.000000,46.160000,0.000000,-1,
App1_VOICE,1,WIRED_NODE_2,WIRED_NODE_5,379,0,7560.000000,7560.046160,160.000000,46.160000,0.000000,-1,
App1_VOICE,1,WIRED_NODE_2,WIRED_NODE_5,380,0,7580.000000,7580.046160,160.000000,46.160000,0.000000,-1,
App1_VOICE,1,WIRED_NODE_2,WIRED_NODE_5,381,0,7600.000000,7600.046160,160.000000,46.160000,0.000000,-1,
App1_VOICE,1,WIRED_NODE_2,WIRED_NODE_5,382,0,7620.000000,7620.046160,160.000000,46.160000,0.000000,-1,
App1_VOICE,1,WIRED_NODE_2,WIRED_NODE_5,383,0,7640.000000,7640.046160,160.000000,46.160000,0.000000,-1,
App1_VOICE,1,WIRED_NODE_2,WIRED_NODE_5,384,0,7660.000000,7660.046160,160.000000,46.160000,0.000000,-1,
App1_VOICE,1,WIRED_NODE_2,WIRED_NODE_5,385,0,7680.000000,7680.046160,160.000000,46.160000,0.000000,-1,
App1_VOICE,1,WIRED_NODE_2,WIRED_NODE_5,386,0,7700.000000,7700.046160,160.000000,46.160000,0.000000,-1,
App1_VOICE,1,WIRED_NODE_2,WIRED_NODE_5,387,0,7720.000000,7720.046160,160.000000,46.160000,0.000000,-1,
App1_VOICE,1,WIRED_NODE_2,WIRED_NODE_5,388,0,7740.000000,7740.046160,160.000000,46.160000,0.000000,-1,
App1_VOICE,1,WIRED_NODE_2,WIRED_NODE_5,389,0,7760.000000,7760.046160,160.000000,46.160000,0.000000,-1,
App1_VOICE,1,WIRED_NODE_2,WIRED_NODE_5,390,0,7780.000000,7780.046160,160.000000,46.160000,0.000000,-1,
App1_VOICE,1,WIRED_NODE_2,WIRED_NODE_5,391,0,7800.000000,7800.046160,160.000000,46.160000,0.000000,-1,
App1_VOICE,1,WIRED_NODE_2,WIRED_NODE_5,392,0,7820.000000,7820.046160,160.000000,46.160000,0.000000,-1,
App1_VOICE,1,WIRED_NODE_2,WIRED_NODE_5,393,0,7840.000000,7840.046160,160.000000,46.160000,0.000000,-1,
App1_VOICE,1,WIRED_NODE_2,WIRED_NODE_5,394,0,7860.000000,7860.046160,160.000000,46.160000,0.000000,-1,
App1_VOICE,1,WIRED_NODE_2,WIRED_NODE_5,395,0,7880.000000,7880.046160,160.000000,46.160000,0.000000,-1,
App1_VOICE,1,WIRED_NODE_2,WIRED_NODE_5,396,0,7900.000000,7900.046160,160.000000,46.160000,0.000000,-1,
App1_VOICE,1,WIRED_NODE_2,WIRED_NODE_5,397,0,7920.000000,7920.046160,160.000000,46.160000,0.000000,-1,
App1_VOICE,1,WIRED_NODE_2,WIRED_NODE_5,398,0,7940.000000,7940.046160,160.000000,46.160000,0.000000,-1,
App1_VOICE,1,WIRED_NODE_2,WIRED_NODE_5,399,0,7960.000000,7960.046160,160.000000,46.160000,0.000000,-1,
App1_VOICE,1,WIRED_NODE_2,WIRED_NODE_5,400,0,7980.000000,7980.046160,160.000000,46.160000,0.000000,-1,
App1_VOICE,1,WIRED_NODE_2,WIRED_NODE_5,401,0,8000.000000,8000.046160,160.000000,46.160000,0.000000,-1,
App1_VOICE,1,WIRED_NODE_2,WIRED_NODE_5,402,0,8020.000000,8020.046160,160.000000,46.160000,0.000000,-1,
App1_VOICE,1,WIRED_NODE_2,WIRED_NODE_5,403,0,8040.000000,8040.046160,160.000000,46.160000,0.000000,-1,
App1_VOICE,1,WIRED_NODE_2,WIRED_NODE_5,404,0,8060.000000,8060.046160,160.000000,46.160000,0.000000,-1,
App1_VOICE,1,WIRED_NODE_2,WIRED_NODE_5,405,0,8080.000000,8080.046160,160.000000,46.160000,0.000000,-1,
App1_VOICE,1,WIRED_NODE_2,WIRED_NODE_5,406,0,8100.000000,8100.046160,160.000000,46.160000,0.000000,-1,
App1_VOICE,1,WIRED_NODE_2,WIRED_NODE_5,407,0,8120.000000,8120.046160,160.000000,46.160000,0.000000,-1,
App1_VOICE,1,WIRED_NODE_2,WIRED_NODE_5,408,0,8140.000000,8140.046160,160.000000,46.160000,0.000000,-1,
App1_VOICE,1,WIRED_NODE_2,WIRED_NODE_5,409,0,8160.000000,8160.046160,160.000000,46.160000,0.000000,-1,
App1_VOICE,1,WIRED_NODE_2,WIRED_NODE_5,410,0,8180.000000,8180.046160,160.000000,46.160000,0.000000,-1,
App1_VOICE,1,WIRED_NODE_2,WIRED_NODE_5,411,0,8200.000000,8200.046160,160.000000,46.160000,0.000000,-1,
App1_VOICE,1,WIRED_NODE_2,WIRED_NODE_5,412,0,8220.000000,8220.046160,160.000000,46.160000,0.000000,-1,
App1_VOICE,1,WIRED_NODE_2,WIRED_NODE_5,413,0,8240.000000,8240.046160,160.000000,46.160000,0.000000,-1,
App1_VOICE,1,WIRED_NODE_2,WIRED_NODE_5,414,0,8260.000000,8260.046160,160.000000,46.160000,0.000000,-1,
App1_VOICE,1,WIRED_NODE_2,WIRED_NODE_5,415,0,8280.000000,8280.046160,160.000000,46.160000,0.000000,-1,
App1_VOICE,1,WIRED_NODE_2,WIRED_NODE_5,416,0,8300.000000,8300.046160,160.000000,46.160000,0.000000,-1,
App1_VOICE,1,WIRED_NODE_2,WIRED_NODE_5,417,0,8320.000000,8320.046160,160.000000,46.160000,0.000000,-1,
App1_VOICE,1,WIRED_NODE_2,WIRED_NODE_5,418,0,8340.000000,8340.046160,160.000000,46.160000,0.000000,-1,
App1_VOICE,1,WIRED_NODE_2,WIRED_NODE_5,419,0,8360.000000,8360.046160,160.000000,46.160000,0.000000,-1,
App1_VOICE,1,WIRED_NODE_2,WIRED_NODE_5,420,0,8380.000000,8380.046160,160.000000,46.160000,0.000000,-1,
App1_VOICE,1,WIRED_NODE_2,WIRED_NODE_5,421,0,8400.000000,8400.046160,160.000000,46.160000,0.000000,-1,
App1_VOICE,1,WIRED_NODE_2,WIRED_NODE_5,422,0,8420.000000,8420.046160,160.000000,46.160000,0.000000,-1,
App1_VOICE,1,WIRED_NODE_2,WIRED_NODE_5,423,0,8440.000000,8440.046160,160.000000,46.160000,0.000000,-1,
App1_VOICE,1,WIRED_NODE_2,WIRED_NODE_5,424,0,8460.000000,8460.046160,160.000000,46.160000,0.000000,-1,
App1_VOICE,1,WIRED_NODE_2,WIRED_NODE_5,425,0,8480.000000,8480.046160,160.000000,46.160000,0.000000,-1,
App1_VOICE,1,WIRED_NODE_2,WIRED_NODE_5,426,0,8500.000000,8500.046160,160.000000,46.160000,0.000000,-1,
App1_VOICE,1,WIRED_NODE_2,WIRED_NODE_5,427,0,8520.000000,8520.046160,160.000000,46.160000,0.000000,-1,
App1_VOICE,1,WIRED_NODE_2,WIRED_NODE_5,428,0,8540.000000,8540.046160,160.000000,46.160000,0.000000,-1,
App1_VOICE,1,WIRED_NODE_2,WIRED_NODE_5,429,0,8560.000000,8560.046160,160.000000,46.160000,0.000000,-1,
App1_VOICE,1,WIRED_NODE_2,WIRED_NODE_5,430,0,8580.000000,8580.046160,160.000000,46.160000,0.000000,-1,
App1_VOICE,1,WIRED_NODE_2,WIRED_NODE_5,431,0,8600.000000,8600.046160,160.000000,46.160000,0.000000,-1,
App1_VOICE,1,WIRED_NODE_2,WIRED_NODE_5,432,0,8620.000000,8620.046160,160.000000,46.160000,0.000000,-1,
App1_VOICE,1,WIRED_NODE_2,WIRED_NODE_5,433,0,8640.000000,8640.046160,160.000000,46.160000,0.000000,-1,
App1_VOICE,1,WIRED_NODE_2,WIRED_NODE_5,434,0,8660.000000,8660.046160,160.000000,46.160000,0.000000,-1,
App1_VOICE,1,WIRED_NODE_2,WIRED_NODE_5,435,0,8680.000000,8680.046160,160.000000,46.160000,0.000000,-1,
App1_VOICE,1,WIRED_NODE_2,WIRED_NODE_5,436,0,8700.000000,8700.046160,160.000000,46.160000,0.000000,-1,
App1_VOICE,1,WIRED_NODE_2,WIRED_NODE_5,437,0,8720.000000,8720.046160,160.000000,46.160000,0.000000,-1,
App1_VOICE,1,WIRED_NODE_2,WIRED_NODE_5,438,0,8740.000000,8740.046160,160.000000,46.160000,0.000000,-1,
App1_VOICE,1,WIRED_NODE_2,WIRED_NODE_5,439,0,8760.000000,8760.046160,160.000000,46.160000,0.000000,-1,
App1_VOICE,1,WIRED_NODE_2,WIRED_NODE_5,440,0,8780.000000,8780.046160,160.000000,46.160000,0.000000,-1,
App1_VOICE,1,WIRED_NODE_2,WIRED_NODE_5,441,0,8800.000000,8800.046160,160.000000,46.160000,0.000000,-1,
App1_VOICE,1,WIRED_NODE_2,WIRED_NODE_5,442,0,8820.000000,8820.046160,160.000000,46.160000,0.000000,-1,
App1_VOICE,1,WIRED_NODE_2,WIRED_NODE_5,443,0,8840.000000,8840.046160,160.000000,46.160000,0.000000,-1,
App1_VOICE,1,WIRED_NODE_2,WIRED_NODE_5,444,0,8860.000000,8860.046160,160.000000,46.160000,0.000000,-1,
App1_VOICE,1,WIRED_NODE_2,WIRED_NODE_5,445,0,8880.000000,8880.046160,160.000000,46.160000,0.000000,-1,
App1_VOICE,1,WIRED_NODE_2,WIRED_NODE_5,446,0,8900.000000,8900.046160,160.000000,46.160000,0.000000,-1,
App1_VOICE,1,WIRED_NODE_2,WIRED_NODE_5,447,0,8920.000000,8920.046160,160.000000,46.160000,0.000000,-1,
App1_VOICE,1,WIRED_NODE_2,WIRED_NODE_5,448,0,8940.000000,8940.046160,160.000000,46.160000,0.000000,-1,
App1_VOICE,1,WIRED_NODE_2,WIRED_NODE_5,449,0,8960.000000,8960.046160,160.000000,46.160000,0.000000,-1,
App1_VOICE,1,WIRED_NODE_2,WIRED_NODE_5,450,0,8980.000000,8980.046160,160.000000,46.160000,0.000000,-1,
App1_VOICE,1,WIRED_NODE_2,WIRED_NODE_5,451,0,9000.000000,9000.046160,160.000000,46.160000,0.000000,-1,
App1_VOICE,1,WIRED_NODE_2,WIRED_NODE_5,452,0,9020.000000,9020.046160,160.000000,46.160000,0.000000,-1,
App1_VOICE,1,WIRED_NODE_2,WIRED_NODE_5,453,0,9040.000000,9040.046160,160.000000,46.160000,0.000000,-1,
App1_VOICE,1,WIRED_NODE_2,WIRED_NODE_5,454,0,9060.000000,9060.046160,160.000000,46.160000,0.000000,-1,
App1_VOICE,1,WIRED_NODE_2,WIRED_NODE_5,455,0,9080.000000,9080.046160,160.000000,46.160000,0.000000,-1,
App1_VOICE,1,WIRED_NODE_2,WIRED_NODE_5,456,0,9100.000000,9100.046160,160.000000,46.160000,0.000000,-1,
App1_VOICE,1,WIRED_NODE_2,WIRED_NODE_5,457,0,9120.000000,9120.046160,160.000000,46.160000,0.000000,-1,
App1_VOICE,1,WIRED_NODE_2,WIRED_NODE_5,458,0,9140.000000,9140.046160,160.000000,46.160000,0.000000,-1,
App1_VOICE,1,WIRED_NODE_2,WIRED_NODE_5,459,0,9160.000000,9160.046160,160.000000,46.160000,0.000000,-1,
App1_VOICE,1,WIRED_NODE_2,WIRED_NODE_5,460,0,9180.000000,9180.046160,160.000000,46.160000,0.000000,-1,
App1_VOICE,1,WIRED_NODE_2,WIRED_NODE_5,461,0,9200.000000,9200.046160,160.000000,46.160000,0.000000,-1,
App1_VOICE,1,WIRED_NODE_2,WIRED_NODE_5,462,0,9220.000000,9220.046160,160.000000,46.160000,0.000000,-1,
App1_VOICE,1,WIRED_NODE_2,WIRED_NODE_5,463,0,9240.000000,9240.046160,160.000000,46.160000,0.000000,-1,
App1_VOICE,1,WIRED_NODE_2,WIRED_NODE_5,464,0,9260.000000,9260.046160,160.000000,46.160000,0.000000,-1,
App1_VOICE,1,WIRED_NODE_2,WIRED_NODE_5,465,0,9280.000000,9280.046160,160.000000,46.160000,0.000000,-1,
App1_VOICE,1,WIRED_NODE_2,WIRED_NODE_5,466,0,9300.000000,9300.046160,160.000000,46.160000,0.000000,-1,
App1_VOICE,1,WIRED_NODE_2,WIRED_NODE_5,467,0,9320.000000,9320.046160,160.000000,46.160000,0.000000,-1,
App1_VOICE,1,WIRED_NODE_2,WIRED_NODE_5,468,0,9340.000000,9340.046160,160.000000,46.160000,0.000000,-1,
App1_VOICE,1,WIRED_NODE_2,WIRED_NODE_5,469,0,9360.000000,9360.046160,160.000000,46.160000,0.000000,-1,
App1_VOICE,1,WIRED_NODE_2,WIRED_NODE_5,470,0,9380.000000,9380.046160,160.000000,46.160000,0.000000,-1,
App1_VOICE,1,WIRED_NODE_2,WIRED_NODE_5,471,0,9400.000000,9400.046160,160.000000,46.160000,0.000000,-1,
App1_VOICE,1,WIRED_NODE_2,WIRED_NODE_5,472,0,9420.000000,9420.046160,160.000000,46.160000,0.000000,-1,
App1_VOICE,1,WIRED_NODE_2,WIRED_NODE_5,473,0,9440.000000,9440.046160,160.000000,46.160000,0.000000,-1,
App1_VOICE,1,WIRED_NODE_2,WIRED_NODE_5,474,0,9460.000000,9460.046160,160.000000,46.160000,0.000000,-1,
App1_VOICE,1,WIRED_NODE_2,WIRED_NODE_5,475,0,9480.000000,9480.046160,160.000000,46.160000,0.000000,-1,
App1_VOICE,1,WIRED_NODE_2,WIRED_NODE_5,476,0,9500.000000,9500.046160,160.000000,46.160000,0.000000,-1,
App1_VOICE,1,WIRED_NODE_2,WIRED_NODE_5,477,0,9520.000000,9520.046160,160.000000,46.160000,0.000000,-1,
App1_VOICE,1,WIRED_NODE_2,WIRED_NODE_5,478,0,9540.000000,9540.046160,160.000000,46.160000,0.000000,-1,
App1_VOICE,1,WIRED_NODE_2,WIRED_NODE_5,479,0,9560.000000,9560.046160,160.000000,46.160000,0.000000,-1,
App1_VOICE,1,WIRED_NODE_2,WIRED_NODE_5,480,0,9580.000000,9580.046160,160.000000,46.160000,0.000000,-1,
App1_VOICE,1,WIRED_NODE_2,WIRED_NODE_5,481,0,9600.000000,9600.046160,160.000000,46.160000,0.000000,-1,
App1_VOICE,1,WIRED_NODE_2,WIRED_NODE_5,482,0,9620.000000,9620.046160,160.000000,46.160000,0.000000,-1,
App1_VOICE,1,WIRED_NODE_2,WIRED_NODE_5,483,0,9640.000000,9640.046160,160.000000,46.160000,0.000000,-1,
App1_VOICE,1,WIRED_NODE_2,WIRED_NODE_5,484,0,9660.000000,9660.046160,160.000000,46.160000,0.000000,-1,
App1_VOICE,1,WIRED_NODE_2,WIRED_NODE_5,485,0,9680.000000,9680.046160,160.000000,46.160000,0.000000,-1,
App1_VOICE,1,WIRED_NODE_2,WIRED_NODE_5,486,0,9700.000000,9700.046160,160.000000,46.160000,0.000000,-1,
App1_VOICE,1,WIRED_NODE_2,WIRED_NODE_5,487,0,9720.000000,9720.046160,160.000000,46.160000,0.000000,-1,
App1_VOICE,1,WIRED_NODE_2,WIRED_NODE_5,488,0,9740.000000,9740.046160,160.000000,46.160000,0.000000,-1,
App1_VOICE,1,WIRED_NODE_2,WIRED_NODE_5,489,0,9760.000000,9760.046160,160.000000,46.160000,0.000000,-1,
App1_VOICE,1,WIRED_NODE_2,WIRED_NODE_5,490,0,9780.000000,9780.046160,160.000000,46.160000,0.000000,-1,
App1_VOICE,1,WIRED_NODE_2,WIRED_NODE_5,491,0,9800.000000,9800.046160,160.000000,46.160000,0.000000,-1,
App1_VOICE,1,WIRED_NODE_2,WIRED_NODE_5,492,0,9820.000000,9820.046160,160.000000,46.160000,0.000000,-1,
App1_VOICE,1,WIRED_NODE_2,WIRED_NODE_5,493,0,9840.000000,9840.046160,160.000000,46.160000,0.000000,-1,
App1_VOICE,1,WIRED_NODE_2,WIRED_NODE_5,494,0,9860.000000,9860.046160,160.000000,46.160000,0.000000,-1,
App1_VOICE,1,WIRED_NODE_2,WIRED_NODE_5,495,0,9880.000000,9880.046160,160.000000,46.160000,0.000000,-1,
App1_VOICE,1,WIRED_NODE_2,WIRED_NODE_5,496,0,9900.000000,9900.046160,160.000000,46.160000,0.000000,-1,
App1_VOICE,1,WIRED_NODE_2,WIRED_NODE_5,497,0,9920.000000,9920.046160,160.000000,46.160000,0.000000,-1,
App1_VOICE,1,WIRED_NODE_2,WIRED_NODE_5,498,0,9940.000000,9940.046160,160.000000,46.160000,0.000000,-1,
App1_VOICE,1,WIRED_NODE_2,WIRED_NODE_5,499,0,9960.000000,9960.046160,160.000000,46.160000,0.000000,-1,
App1_VOICE,1,WIRED_NODE_2,WIRED_NODE_5,500,0,9980.000000,9980.046160,160.000000,46.160000,0.000000,-1,
